iso_code,date,total_cases,new_cases,total_deaths,total_cases_per_million,new_cases_per_million,total_deaths_per_million,new_deaths_per_million,new_deaths,,,
USA,1/22/2020,1,0,0,0.003,0,0,0,0,,,
USA,1/23/2020,1,0,0,0.003,0,0,0,0,,,
USA,1/24/2020,2,1,0,0.006,0.003,0,0,0,,,
USA,1/25/2020,2,0,0,0.006,0,0,0,0,,,13.397
USA,1/26/2020,5,3,0,0.015,0.009,0,0,0,,,
USA,1/27/2020,5,0,0,0.015,0,0,0,0,,,
USA,1/28/2020,5,0,0,0.015,0,0,0,0,,,
USA,1/29/2020,6,1,0,0.018,0.003,0,0,0,,,
USA,1/30/2020,6,0,0,0.018,0,0,0,0,,,
USA,1/31/2020,8,2,0,0.024,0.006,0,0,0,,,
USA,2/1/2020,8,0,0,0.024,0,0,0,0,,,
USA,2/2/2020,8,0,0,0.024,0,0,0,0,,,
USA,2/3/2020,11,3,0,0.033,0.009,0,0,0,,,
USA,2/4/2020,11,0,0,0.033,0,0,0,0,,,
USA,2/5/2020,11,0,0,0.033,0,0,0,0,,,
USA,2/6/2020,12,1,0,0.036,0.003,0,0,0,,,
USA,2/7/2020,12,0,0,0.036,0,0,0,0,,,
USA,2/8/2020,12,0,0,0.036,0,0,0,0,,,
USA,2/9/2020,12,0,0,0.036,0,0,0,0,,,
USA,2/10/2020,12,0,0,0.036,0,0,0,0,,,
USA,2/11/2020,13,1,0,0.039,0.003,0,0,0,,,
USA,2/12/2020,13,0,0,0.039,0,0,0,0,,,
USA,2/13/2020,14,1,0,0.042,0.003,0,0,0,,,
USA,2/14/2020,14,0,0,0.042,0,0,0,0,,,
USA,2/15/2020,14,0,0,0.042,0,0,0,0,,,
USA,2/16/2020,14,0,0,0.042,0,0,0,0,,,
USA,2/17/2020,14,0,0,0.042,0,0,0,0,,,
USA,2/18/2020,14,0,0,0.042,0,0,0,0,,,
USA,2/19/2020,14,0,0,0.042,0,0,0,0,,,
USA,2/20/2020,14,0,0,0.042,0,0,0,0,,,
USA,2/21/2020,16,2,0,0.048,0.006,0,0,0,,,
USA,2/22/2020,16,0,0,0.048,0,0,0,0,,,
USA,2/23/2020,16,0,0,0.048,0,0,0,0,,,
USA,2/24/2020,16,0,0,0.048,0,0,0,0,,,
USA,2/25/2020,16,0,0,0.048,0,0,0,0,,,
USA,2/26/2020,16,0,0,0.048,0,0,0,0,,,
USA,2/27/2020,17,1,0,0.051,0.003,0,0,0,,,
USA,2/28/2020,17,0,0,0.051,0,0,0,0,,,
USA,2/29/2020,25,8,1,0.075,0.024,0.003,0.003,1,,,
USA,3/1/2020,32,7,1,0.096,0.021,0.003,0,0,,,
USA,3/2/2020,55,23,6,0.165,0.069,0.018,0.015,5,,,
USA,3/3/2020,74,19,7,0.222,0.057,0.021,0.003,1,,,
USA,3/4/2020,107,33,11,0.321,0.099,0.033,0.012,4,,,
USA,3/5/2020,184,77,12,0.553,0.231,0.036,0.003,1,,,
USA,3/6/2020,237,53,14,0.712,0.159,0.042,0.006,2,,,
USA,3/7/2020,403,166,17,1.211,0.499,0.051,0.009,3,,,
USA,3/8/2020,519,116,21,1.559,0.348,0.063,0.012,4,,,
USA,3/9/2020,594,75,22,1.784,0.225,0.066,0.003,1,,,
USA,3/10/2020,782,188,28,2.349,0.565,0.084,0.018,6,,,
USA,3/11/2020,1147,365,33,3.445,1.096,0.099,0.015,5,,,
USA,3/12/2020,1586,439,43,4.764,1.319,0.129,0.03,10,,,
USA,3/13/2020,2219,633,51,6.665,1.901,0.153,0.024,8,,,
USA,3/14/2020,2978,759,58,8.945,2.28,0.174,0.021,7,,,
USA,3/15/2020,3212,234,70,9.648,0.703,0.21,0.036,12,,,
USA,3/16/2020,4679,1467,97,14.055,4.407,0.291,0.081,27,,,
USA,3/17/2020,6512,1833,134,19.561,5.506,0.403,0.111,37,,,
USA,3/18/2020,9169,2657,194,27.542,7.981,0.583,0.18,60,,,
USA,3/19/2020,13663,4494,266,41.04,13.499,0.799,0.216,72,,,
USA,3/20/2020,20030,6367,372,60.165,19.125,1.117,0.318,106,,,
USA,3/21/2020,26025,5995,475,78.173,18.008,1.427,0.309,103,,,
USA,3/22/2020,34944,8919,603,104.964,26.791,1.811,0.384,128,,,
USA,3/23/2020,46096,11152,792,138.462,33.498,2.379,0.568,189,,,
USA,3/24/2020,56714,10618,1033,170.356,31.894,3.103,0.724,241,,,
USA,3/25/2020,68841,12127,1369,206.782,36.427,4.112,1.009,336,,,
USA,3/26/2020,86662,17821,1785,260.313,53.53,5.362,1.25,416,,,
USA,3/27/2020,105253,18591,2304,316.156,55.843,6.921,1.559,519,,,
USA,3/28/2020,127417,22164,2977,382.731,66.576,8.942,2.022,673,,,
USA,3/29/2020,143544,16127,3569,431.173,48.442,10.72,1.778,592,,,
USA,3/30/2020,165698,22154,4280,497.719,66.545,12.856,2.136,711,,,
USA,3/31/2020,192079,26381,5362,576.961,79.242,16.106,3.25,1082,,,
USA,4/1/2020,224281,32202,6636,673.688,96.727,19.933,3.827,1274,,,
USA,4/2/2020,256626,32345,8151,770.845,97.157,24.484,4.551,1515,,,
USA,4/3/2020,288993,32367,9558,868.068,97.223,28.71,4.226,1407,,,
USA,4/4/2020,321379,32386,11167,965.348,97.28,33.543,4.833,1609,,,
USA,4/5/2020,350713,29334,12799,1053.461,88.113,38.445,4.902,1632,,,
USA,4/6/2020,382646,31933,14536,1149.38,95.919,43.663,5.218,1737,,,
USA,4/7/2020,413222,30576,17106,1241.223,91.843,51.382,7.72,2570,,,
USA,4/8/2020,444341,31119,19260,1334.698,93.474,57.853,6.47,2154,,,
USA,4/9/2020,480413,36072,21475,1443.05,108.352,64.506,6.653,2215,,,
USA,4/10/2020,514690,34277,23663,1546.01,102.96,71.078,6.572,2188,,,
USA,4/11/2020,543878,29188,25801,1633.684,87.674,77.5,6.422,2138,,,
USA,4/12/2020,570812,26934,27693,1714.587,80.904,83.183,5.683,1892,,,
USA,4/13/2020,597803,26991,29675,1795.662,81.075,89.137,5.953,1982,,,
USA,4/14/2020,626217,28414,32128,1881.011,85.349,96.505,7.368,2453,,,
USA,4/15/2020,652179,25962,34719,1958.995,77.984,104.288,7.783,2591,,,
USA,4/16/2020,682442,30263,36917,2049.898,90.903,110.89,6.602,2198,,,
USA,4/17/2020,715446,33004,39030,2149.035,99.136,117.237,6.347,2113,,,
USA,4/18/2020,743379,27933,40970,2232.939,83.904,123.064,5.827,1940,,,
USA,4/19/2020,769251,25872,42959,2310.652,77.714,129.039,5.974,1989,,,
USA,4/20/2020,799039,29788,45203,2400.129,89.476,135.779,6.74,2244,,,
USA,4/21/2020,825257,26218,47662,2478.881,78.753,143.166,7.386,2459,,,
USA,4/22/2020,854328,29071,50135,2566.204,87.323,150.594,7.428,2473,,,
USA,4/23/2020,887581,33253,52570,2666.088,99.884,157.908,7.314,2435,,,
USA,4/24/2020,919920,32339,54748,2763.227,97.139,164.45,6.542,2178,,,
USA,4/25/2020,950298,30378,56472,2854.476,91.248,169.629,5.178,1724,,,
USA,4/26/2020,976871,26573,57885,2934.295,79.819,173.873,4.244,1413,,,
USA,4/27/2020,1000666,23795,59380,3005.77,71.475,178.364,4.491,1495,,,
USA,4/28/2020,1025354,24688,61608,3079.927,74.157,185.056,6.692,2228,,,
USA,4/29/2020,1051785,26431,64006,3159.319,79.393,192.259,7.203,2398,,,
USA,4/30/2020,1080942,29157,66187,3246.9,87.581,198.81,6.551,2181,,,
USA,5/1/2020,1115844,34902,68098,3351.738,104.838,204.551,5.74,1911,,,
USA,5/2/2020,1143248,27404,69833,3434.053,82.315,209.762,5.212,1735,,,
USA,5/3/2020,1167577,24329,71032,3507.132,73.079,213.364,3.602,1199,,,
USA,5/4/2020,1191815,24238,72409,3579.937,72.805,217.5,4.136,1377,,,
USA,5/5/2020,1216263,24448,74616,3653.373,73.436,224.129,6.629,2207,,,
USA,5/6/2020,1240643,24380,76937,3726.605,73.232,231.101,6.972,2321,,,
USA,5/7/2020,1268262,27619,78856,3809.566,82.961,236.865,5.764,1919,,,
USA,5/8/2020,1295396,27134,80615,3891.07,81.504,242.149,5.284,1759,,,
USA,5/9/2020,1320096,24700,82084,3965.264,74.193,246.561,4.413,1469,,,
USA,5/10/2020,1339110,19014,83075,4022.377,57.114,249.538,2.977,991,,,
USA,5/11/2020,1358249,19139,84112,4079.866,57.489,252.653,3.115,1037,,,
USA,5/12/2020,1381136,22887,85709,4148.614,68.747,257.45,4.797,1597,,,
USA,5/13/2020,1401652,20516,87432,4210.239,61.625,262.626,5.175,1723,,,
USA,5/14/2020,1428388,26736,89207,4290.548,80.309,267.957,5.332,1775,,,
USA,5/15/2020,1453085,24697,90872,4364.732,74.184,272.959,5.001,1665,,,
USA,5/16/2020,1477370,24285,92073,4437.678,72.947,276.566,3.608,1201,,,
USA,5/17/2020,1496009,18639,92902,4493.666,55.987,279.056,2.49,829,,,
USA,5/18/2020,1518223,22214,94130,4560.391,66.726,282.745,3.689,1228,,,
USA,5/19/2020,1539142,20919,95582,4623.227,62.836,287.106,4.361,1452,,,
USA,5/20/2020,1561937,22795,97081,4691.698,68.471,291.609,4.503,1499,,,
USA,5/21/2020,1587724,25787,98268,4769.156,77.458,295.174,3.565,1187,,,
USA,5/22/2020,1611383,23659,99493,4840.222,71.066,298.854,3.68,1225,,,
USA,5/23/2020,1632503,21120,100573,4903.662,63.44,302.098,3.244,1080,,,
USA,5/24/2020,1652809,20306,101213,4964.657,60.995,304.02,1.922,640,,,
USA,5/25/2020,1671298,18489,101811,5020.193,55.537,305.817,1.796,598,,,
USA,5/26/2020,1690282,18984,102489,5077.217,57.024,307.853,2.037,678,,,
USA,5/27/2020,1709756,19474,103942,5135.712,58.495,312.218,4.364,1453,,,
USA,5/28/2020,1731479,21723,105035,5200.963,65.251,315.501,3.283,1093,,,
USA,5/29/2020,1756127,24648,106161,5275,74.037,318.883,3.382,1126,,,
USA,5/30/2020,1780340,24213,107115,5347.73,72.73,321.749,2.866,954,,,
USA,5/31/2020,1799674,19334,107733,5405.805,58.075,323.605,1.856,618,,,
USA,6/1/2020,1816679,17005,108501,5456.884,51.079,325.912,2.307,768,,,
USA,6/2/2020,1837948,21269,109482,5520.771,63.887,328.859,2.947,981,,,
USA,6/3/2020,1857728,19780,110489,5580.186,59.415,331.883,3.025,1007,,,
USA,6/4/2020,1879463,21735,111487,5645.473,65.287,334.881,2.998,998,,,
USA,6/5/2020,1904375,24912,112376,5720.303,74.83,337.552,2.67,889,,,
USA,6/6/2020,1925849,21474,113018,5784.806,64.503,339.48,1.928,642,,,
USA,6/7/2020,1944117,18268,113478,5839.679,54.873,340.862,1.382,460,,,
USA,6/8/2020,1960815,16698,113986,5889.835,50.157,342.388,1.526,508,,,
USA,6/9/2020,1978823,18008,114894,5943.927,54.092,345.115,2.727,908,,,
USA,6/10/2020,2000019,21196,115771,6007.595,63.668,347.749,2.634,877,,,
USA,6/11/2020,2022421,22402,116597,6074.886,67.29,350.23,2.481,826,,,
USA,6/12/2020,2047570,25149,117424,6150.427,75.542,352.715,2.484,827,,,
USA,6/13/2020,2072696,25126,118163,6225.9,75.473,354.934,2.22,739,,,
USA,6/14/2020,2092027,19331,118507,6283.966,58.066,355.968,1.033,344,,,
USA,6/15/2020,2110610,18583,118905,6339.785,55.819,357.163,1.196,398,,,
USA,6/16/2020,2134511,23901,119715,6411.578,71.793,359.596,2.433,810,,,
USA,6/17/2020,2161726,27215,120454,6493.326,81.748,361.816,2.22,739,,,
USA,6/18/2020,2190127,28401,121145,6578.636,85.31,363.892,2.076,691,,,
USA,6/19/2020,2221812,31685,121774,6673.81,95.174,365.781,1.889,629,,,
USA,6/20/2020,2254346,32534,122330,6771.535,97.725,367.451,1.67,556,,,
USA,6/21/2020,2280413,26067,122650,6849.834,78.299,368.412,0.961,320,,,
USA,6/22/2020,2311569,31156,123056,6943.419,93.585,369.632,1.22,406,,,
USA,6/23/2020,2348835,37266,123804,7055.358,111.938,371.879,2.247,748,,,
USA,6/24/2020,2385047,36212,124541,7164.13,108.772,374.092,2.214,737,,,
USA,6/25/2020,2425307,40260,125079,7285.062,120.932,375.708,1.616,538,,,
USA,6/26/2020,2471626,46319,125707,7424.194,139.132,377.595,1.886,628,,,
USA,6/27/2020,2513324,41698,126214,7549.445,125.251,379.118,1.523,507,,,
USA,6/28/2020,2555120,41796,126530,7674.99,125.546,380.067,0.949,316,,,
USA,6/29/2020,2594820,39700,126916,7794.24,119.25,381.226,1.159,386,,,
USA,6/30/2020,2643189,48369,127471,7939.529,145.289,382.893,1.667,555,,,
USA,7/1/2020,2694755,51566,128171,8094.422,154.892,384.996,2.103,700,,,
USA,7/2/2020,2751125,56370,128881,8263.744,169.322,387.129,2.133,710,,,
USA,7/3/2020,2803742,52617,129551,8421.793,158.049,389.141,2.013,670,,,
USA,7/4/2020,2852097,48355,129866,8567.041,145.247,390.087,0.946,315,,,
USA,7/5/2020,2902901,50804,130192,8719.644,152.603,391.067,0.979,326,,,
USA,7/6/2020,2945635,42734,130569,8848.007,128.363,392.199,1.132,377,,,
USA,7/7/2020,3004763,59128,131728,9025.614,177.607,395.68,3.481,1159,,,
USA,7/8/2020,3064408,59645,132550,9204.774,179.16,398.15,2.469,822,,,
USA,7/9/2020,3125361,60953,133569,9387.863,183.089,401.21,3.061,1019,,,
USA,7/10/2020,3193162,67801,134383,9591.521,203.659,403.655,2.445,814,,,
USA,7/11/2020,3254420,61258,135112,9775.526,184.005,405.845,2.19,729,,,
USA,7/12/2020,3314447,60027,135584,9955.833,180.307,407.263,1.418,472,,,
USA,7/13/2020,3372312,57865,136031,10129.646,173.813,408.606,1.343,447,,,
USA,7/14/2020,3439203,66891,136946,10330.572,200.925,411.354,2.748,915,303008,,
USA,7/15/2020,3507141,67938,137927,10534.642,204.07,414.301,2.947,981,,,
USA,7/16/2020,3583185,76044,138879,10763.06,228.419,417.16,2.86,952,,,
USA,7/17/2020,3654728,71543,139803,10977.959,214.899,419.936,2.775,924,,,
USA,7/18/2020,3719067,64339,140660,11171.218,193.259,422.51,2.574,857,,,
USA,7/19/2020,3780322,61255,141145,11355.214,183.996,423.967,1.457,485,,,
USA,7/20/2020,3840822,60500,141707,11536.942,181.728,425.655,1.688,562,,,
USA,7/21/2020,3906368,65546,142792,11733.827,196.885,428.914,3.259,1085,,,
USA,7/22/2020,3976745,70377,144015,11945.224,211.396,432.588,3.674,1223,,,
USA,7/23/2020,4045477,68732,145083,12151.679,206.455,435.796,3.208,1068,,,
USA,7/24/2020,4119112,73635,146187,12372.861,221.183,439.112,3.316,1104,,,
USA,7/25/2020,4185260,66148,147119,12571.555,198.693,441.912,2.8,932,,,
USA,7/26/2020,4241586,56326,147650,12740.745,169.19,443.507,1.595,531,,,
USA,7/27/2020,4298445,56859,148777,12911.536,170.791,446.892,3.385,1127,,,
USA,7/28/2020,4361582,63137,150108,13101.185,189.649,450.89,3.998,1331,,,
USA,7/29/2020,4430540,68958,151516,13308.319,207.134,455.119,4.229,1408,,,
USA,7/30/2020,4498479,67939,152752,13512.392,204.073,458.832,3.713,1236,,,
USA,7/31/2020,4566893,68414,153989,13717.892,205.5,462.547,3.716,1237,,,
USA,8/1/2020,4625291,58398,155076,13893.306,175.414,465.812,3.265,1087,,,
USA,8/2/2020,4671745,46454,155514,14032.843,139.537,467.128,1.316,438,,,
USA,8/3/2020,4716928,45183,156097,14168.562,135.719,468.879,1.751,583,,,
USA,8/4/2020,4772196,55268,157381,14334.575,166.012,472.736,3.857,1284,,,
USA,8/5/2020,4827722,55526,158821,14501.362,166.787,477.062,4.325,1440,,,
USA,8/6/2020,4885263,57541,160058,14674.202,172.84,480.777,3.716,1237,,,
USA,8/7/2020,4945685,60422,161301,14855.696,181.494,484.511,3.734,1243,,,
USA,8/8/2020,5000791,55106,162371,15021.221,165.526,487.725,3.214,1070,,,
USA,8/9/2020,5048937,48146,162892,15165.841,144.619,489.29,1.565,521,,,
USA,8/10/2020,5094834,45897,163526,15303.705,137.864,491.194,1.904,634,,,
USA,8/11/2020,5147207,52373,164550,15461.021,157.316,494.27,3.076,1024,,,
USA,8/12/2020,5199935,52728,166054,15619.404,158.383,498.788,4.518,1504,,,
USA,8/13/2020,5251365,51430,167118,15773.888,154.484,501.984,3.196,1064,,,
USA,8/14/2020,5316662,65297,168455,15970.025,196.137,506,4.016,1337,,,
USA,8/15/2020,5366010,49348,169455,16118.255,148.23,509.004,3.004,1000,,,
USA,8/16/2020,5405920,39910,170070,16238.135,119.88,510.851,1.847,615,,,
USA,8/17/2020,5441722,35802,170563,16345.676,107.541,512.332,1.481,493,,,
USA,8/18/2020,5484630,42908,171790,16474.562,128.886,516.017,3.686,1227,,,
USA,8/19/2020,5529064,44434,173125,16608.031,133.469,520.028,4.01,1335,,,
USA,8/20/2020,5573641,44577,174230,16741.93,133.899,523.347,3.319,1105,,,
USA,8/21/2020,5622409,48768,175313,16888.418,146.488,526.6,3.253,1083,,,
USA,8/22/2020,5666754,44345,176222,17021.62,133.202,529.33,2.73,909,,,
USA,8/23/2020,5701239,34485,176768,17125.205,103.585,530.97,1.64,546,,,
USA,8/24/2020,5736144,34905,177244,17230.052,104.847,532.4,1.43,476,,,
USA,8/25/2020,5776999,40855,178467,17352.771,122.719,536.074,3.674,1223,,,
USA,8/26/2020,5820948,43949,179630,17484.784,132.013,539.567,3.493,1163,,,
USA,8/27/2020,5866912,45964,180743,17622.849,138.065,542.91,3.343,1113,,,
USA,8/28/2020,5913422,46510,181718,17762.554,139.705,545.839,2.929,975,,,
USA,8/29/2020,5957630,44208,182634,17895.345,132.791,548.59,2.751,916,,,
USA,8/30/2020,5992432,34802,183075,17999.882,104.537,549.915,1.325,441,,,
USA,8/31/2020,6025133,32701,183617,18098.108,98.226,551.543,1.628,542,,,
USA,9/1/2020,6067946,42813,184644,18226.708,128.6,554.628,3.085,1027,,,
USA,9/2/2020,6108636,40690,185717,18348.932,122.223,557.851,3.223,1073,,,
USA,9/3/2020,6152970,44334,186747,18482.101,133.169,560.945,3.094,1030,,,
USA,9/4/2020,6203641,50671,187704,18634.305,152.204,563.819,2.875,957,,,
USA,9/5/2020,6247027,43386,188461,18764.626,130.322,566.093,2.274,757,,,
USA,9/6/2020,6278004,30977,188930,18857.674,93.048,567.502,1.409,469,,,
USA,9/7/2020,6301844,23840,189244,18929.284,71.61,568.445,0.943,314,,,
USA,9/8/2020,6327470,25626,189701,19006.259,76.975,569.818,1.373,457,,,
USA,9/9/2020,6362070,34600,190860,19110.189,103.93,573.299,3.481,1159,,,
USA,9/10/2020,6398009,35939,191782,19218.142,107.952,576.069,2.769,922,,,
USA,9/11/2020,6445976,47967,192936,19362.223,144.082,579.535,3.466,1154,,,
USA,9/12/2020,6487670,41694,193646,19487.462,125.239,581.668,2.133,710,,,
USA,9/13/2020,6522112,34442,194074,19590.918,103.456,582.953,1.286,428,,,
USA,9/14/2020,6555360,33248,194508,19690.788,99.869,584.257,1.304,434,,,
USA,9/15/2020,6594822,39462,195707,19809.322,118.535,587.859,3.602,1199,,,
USA,9/16/2020,6633728,38906,196664,19926.187,116.865,590.733,2.875,957,,,
USA,9/17/2020,6678930,45202,197521,20061.963,135.776,593.307,2.574,857,,,
USA,9/18/2020,6728073,49143,198410,20209.578,147.614,595.978,2.67,889,,,
USA,9/19/2020,6770652,42579,199140,20337.475,127.897,598.171,2.193,730,,,
USA,9/20/2020,6809529,38877,199407,20454.253,116.778,598.973,0.802,267,,,
USA,9/21/2020,6860252,50723,199831,20606.613,152.36,600.246,1.274,424,,,
USA,9/22/2020,6900323,40071,200859,20726.977,120.364,603.334,3.088,1028,,,
USA,9/23/2020,6939234,38911,201921,20843.856,116.88,606.524,3.19,1062,,,
USA,9/24/2020,6986603,47369,202819,20986.142,142.286,609.221,2.697,898,,,
USA,9/25/2020,7034970,48367,203760,21131.425,145.283,612.048,2.827,941,,,
USA,9/26/2020,7079901,44931,204529,21266.388,134.962,614.358,2.31,769,,,
USA,9/27/2020,7117963,38062,204844,21380.717,114.329,615.304,0.946,315,,,
USA,9/28/2020,7150630,32667,205200,21478.841,98.124,616.373,1.069,356,,,
USA,9/29/2020,7194194,43564,206063,21609.697,130.856,618.966,2.592,863,,,
USA,9/30/2020,7233294,39100,207017,21727.145,117.447,621.831,2.866,954,,,
USA,10/1/2020,7279272,45978,207886,21865.252,138.107,624.442,2.61,869,,,
USA,10/2/2020,7334418,55146,208740,22030.898,165.646,627.007,2.565,854,,,
USA,10/3/2020,7383899,49481,209423,22179.527,148.629,629.058,2.052,683,,,
USA,10/4/2020,7419442,35543,209797,22286.29,106.763,630.182,1.123,374,,,
USA,10/5/2020,7457757,38315,210280,22401.38,115.089,631.633,1.451,483,,,
USA,10/6/2020,7503140,45383,210965,22537.7,136.32,633.69,2.058,685,,,
USA,10/7/2020,7554267,51127,211882,22691.274,153.574,636.445,2.754,917,,,
USA,10/8/2020,7613291,59024,212873,22868.568,177.294,639.421,2.977,991,,,
USA,10/9/2020,7669967,56676,213842,23038.81,170.242,642.332,2.911,969,,,
USA,10/10/2020,7725456,55489,214501,23205.486,166.676,644.311,1.979,659,,,
USA,10/11/2020,7772121,46665,214972,23345.657,140.171,645.726,1.415,471,,,
USA,10/12/2020,7813698,41577,215371,23470.544,124.888,646.925,1.199,399,,,
USA,10/13/2020,7865263,51565,216171,23625.434,154.889,649.328,2.403,800,,,
USA,10/14/2020,7924557,59294,217158,23803.539,178.105,652.292,2.965,987,,,
USA,10/15/2020,7989616,65059,217995,23998.961,195.422,654.807,2.514,837,,,
USA,10/16/2020,8058746,69130,218939,24206.612,207.651,657.642,2.836,944,,,
USA,10/17/2020,8116053,57307,219705,24378.749,172.137,659.943,2.301,766,,,
USA,10/18/2020,8166861,50808,220196,24531.364,152.615,661.418,1.475,491,,,
USA,10/19/2020,8233937,67076,220679,24732.845,201.481,662.869,1.451,483,,,
USA,10/20/2020,8295638,61701,221604,24918.181,185.336,665.647,2.778,925,,,
USA,10/21/2020,8358792,63154,222727,25107.881,189.7,669.02,3.373,1123,,,
USA,10/22/2020,8434997,76205,223618,25336.783,228.902,671.697,2.676,891,,,
USA,10/23/2020,8517523,82526,224581,25584.672,247.889,674.589,2.893,963,,,
USA,10/24/2020,8600811,83288,225535,25834.85,250.178,677.455,2.866,954,,,
USA,10/25/2020,8663123,62312,225996,26022.021,187.171,678.84,1.385,461,,,
USA,10/26/2020,8729835,66712,226529,26222.408,200.387,680.441,1.601,533,,,
USA,10/27/2020,8806856,77021,227501,26453.762,231.353,683.36,2.92,972,,,
USA,10/28/2020,8886178,79322,228534,26692.027,238.265,686.463,3.103,1033,,,
USA,10/29/2020,8977159,90981,229538,26965.312,273.286,689.479,3.016,1004,,,
USA,10/30/2020,9077231,100072,230595,27265.906,300.593,692.654,3.175,1057,,,
USA,10/31/2020,9167578,90347,231520,27537.287,271.382,695.433,2.778,925,,,
USA,11/1/2020,9272790,105212,232027,27853.32,316.033,696.956,1.523,507,,,
USA,11/2/2020,9356848,84058,232599,28105.811,252.491,698.674,1.718,572,,,
USA,11/3/2020,9484593,127745,234177,28489.527,383.716,703.414,4.74,1578,,,
USA,11/4/2020,9588703,104110,235284,28802.249,312.722,706.739,3.325,1107,,,
USA,11/5/2020,9718587,129884,236449,29192.391,390.142,710.238,3.499,1165,,,
USA,11/6/2020,9846464,127877,237674,29576.504,384.113,713.918,3.68,1225,,,
USA,11/7/2020,9977772,131308,238764,29970.923,394.419,717.192,3.274,1090,,,
USA,11/8/2020,10092536,114764,239338,30315.647,344.725,718.916,1.724,574,,,
USA,11/9/2020,10211856,119320,240113,30674.057,358.41,721.244,2.328,775,,,
USA,11/10/2020,10351878,140022,241529,31094.651,420.594,725.497,4.253,1416,,,
USA,11/11/2020,10500000,148122,242964,31539.575,444.924,729.808,4.31,1435,,,
USA,11/12/2020,10662955,162955,244173,32029.054,489.479,733.439,3.632,1209,,,
USA,11/13/2020,10843985,181030,245373,32572.827,543.772,737.044,3.605,1200,,,
USA,11/14/2020,11015041,171056,246720,33086.639,513.813,741.09,4.046,1347,,,
USA,11/15/2020,11152060,137019,247500,33498.213,411.573,743.433,2.343,780,,,
USA,11/16/2020,11312847,160787,248335,33981.18,482.967,745.941,2.508,835,,,
USA,11/17/2020,11476626,163779,250046,34473.134,491.954,751.08,5.139,1711,,,
USA,11/18/2020,11650148,173522,251961,34994.354,521.22,756.833,5.752,1915,,,
USA,11/19/2020,11841871,191723,254015,35570.246,575.892,763.002,6.17,2054,,,
USA,11/20/2020,12043059,201188,255975,36174.568,604.322,768.89,5.887,1960,,,
USA,11/21/2020,12223927,180868,257598,36717.854,543.286,773.765,4.875,1623,,,
USA,11/22/2020,12370147,146220,258636,37157.065,439.211,776.883,3.118,1038,,,
USA,11/23/2020,12543324,173177,259737,37677.249,520.184,780.19,3.307,1101,,,
USA,11/24/2020,12720653,177329,261868,38209.904,532.655,786.591,6.401,2131,,,
USA,11/25/2020,12905298,184645,264128,38764.535,554.631,793.38,6.789,2260,,,
USA,11/26/2020,13021515,116217,265515,39113.624,349.089,797.546,4.166,1387,,,
USA,11/27/2020,13226451,204936,267069,39729.204,615.58,802.214,4.668,1554,,,
USA,11/28/2020,13384075,157624,268435,40202.67,473.466,806.317,4.103,1366,,,
USA,11/29/2020,13524480,140405,269477,40624.415,421.744,809.447,3.13,1042,,,
USA,11/30/2020,13681218,156738,270821,41095.219,470.805,813.484,4.037,1344,,,
USA,12/1/2020,13875057,193839,273366,41677.467,582.248,821.128,7.645,2545,,,
USA,12/2/2020,14079202,204145,276184,42290.671,613.204,829.593,8.465,2818,,,
USA,12/3/2020,14303710,224508,279121,42965.042,674.37,838.415,8.822,2937,,,
USA,12/4/2020,14538416,234706,281818,43670.044,705.003,846.516,8.101,2697,,,
USA,12/5/2020,14759133,220717,284182,44333.027,662.983,853.617,7.101,2364,,,
USA,12/6/2020,14937723,178590,285545,44869.47,536.443,857.711,4.094,1363,,,
USA,12/7/2020,15129267,191544,287145,45444.824,575.354,862.517,4.806,1600,,,
USA,12/8/2020,15359791,230524,289766,46137.265,692.441,870.39,7.873,2621,,,
USA,12/9/2020,15581327,221536,292947,46802.708,665.443,879.945,9.555,3181,,,
USA,12/10/2020,15815581,234254,295941,47506.353,703.645,888.938,8.993,2994,,,
USA,12/11/2020,16056302,240721,299348,48229.423,723.07,899.172,10.234,3407,,,
USA,12/12/2020,16276348,220046,301826,48890.391,660.967,906.616,7.443,2478,,,
USA,12/13/2020,16463227,186879,303463,49451.732,561.341,911.533,4.917,1637,,,
USA,12/14/2020,16665174,201947,305113,50058.334,606.602,916.489,4.956,1650,,,
USA,12/15/2020,16886630,221456,308199,50723.537,665.203,925.759,9.27,3086,,,
USA,12/16/2020,17127062,240432,311877,51445.739,722.202,936.806,11.048,3678,,,
USA,12/17/2020,17364595,237533,315379,52159.233,713.494,947.326,10.519,3502,,,
USA,12/18/2020,17613077,248482,318345,52905.616,746.383,956.235,8.909,2966,,,
USA,12/19/2020,17814222,201145,321024,53509.809,604.193,964.282,8.047,2679,,,
USA,12/20/2020,17999527,185305,322756,54066.422,556.613,969.484,5.203,1732,,,
USA,12/21/2020,18190799,191272,324656,54640.959,574.537,975.192,5.707,1900,,,
USA,12/22/2020,18392024,201225,328055,55245.393,604.433,985.401,10.21,3399,,,
USA,12/23/2020,18617449,225425,331478,55922.517,677.125,995.683,10.282,3423,,,
USA,12/24/2020,18822709,205260,334374,56539.071,616.554,1004.382,8.699,2896,,,
USA,12/25/2020,18930694,107985,335832,56863.433,324.362,1008.762,4.379,1458,,,
USA,12/26/2020,19149187,218493,337723,57519.735,656.303,1014.442,5.68,1891,,,
USA,12/27/2020,19303663,154476,339160,57983.746,464.01,1018.758,4.316,1437,,,
USA,12/28/2020,19471624,167961,341162,58488.262,504.516,1024.772,6.014,2002,,,
USA,12/29/2020,19672858,201234,344781,59092.722,604.46,1035.643,10.871,3619,,,
USA,12/30/2020,19894606,221748,348573,59758.802,666.08,1047.033,11.39,3792,,,
USA,12/31/2020,20153407,258801,352001,60536.18,777.378,1057.33,10.297,3428,,,
USA,1/1/2021,20318085,164678,354137,61030.835,494.655,1063.746,6.416,2136,,,
USA,1/2/2021,20614548,296463,356694,61921.342,890.506,1071.426,7.681,2557,,,
USA,1/3/2021,20817609,203061,358152,62531.29,609.948,1075.806,4.379,1458,,,
USA,1/4/2021,21000263,182654,360246,63079.94,548.65,1082.096,6.29,2094,,,
USA,1/5/2021,21231487,231224,363936,63774.484,694.543,1093.18,11.084,3690,,,
USA,1/6/2021,21487814,256327,367829,64544.431,769.947,1104.873,11.694,3893,,,
USA,1/7/2021,21776472,288658,371833,65411.493,867.062,1116.9,12.027,4004,,,
USA,1/8/2021,22079480,303008,375932,66321.659,910.166,1129.213,12.312,4099,,,
USA,1/9/2021,22338581,259101,379238,67099.939,778.28,1139.143,9.93,3306,,,
USA,1/10/2021,22551280,212699,381257,67738.837,638.899,1145.208,6.065,2019,,,
USA,1/11/2021,22763308,212028,383356,68375.72,636.883,1151.513,6.305,2099,,,
USA,1/12/2021,22981721,218413,387816,69031.783,656.062,1164.91,13.397,4460,,,
USA,1/13/2021,23211213,229492,391810,69721.124,689.341,1176.907,11.997,3994,,,
USA,1/14/2021,23449840,238627,395777,70437.904,716.78,1188.823,11.916,3967,,,
USA,1/15/2021,23696118,246278,399689,71177.666,739.762,1200.573,11.751,3912,,,
USA,1/16/2021,23904210,208092,403108,71802.726,625.06,1210.843,10.27,3419,,,
USA,1/17/2021,24080564,176354,405009,72332.453,529.727,1216.554,5.71,1901,,,
USA,1/18/2021,24221315,140751,406569,72755.237,422.783,1221.239,4.686,1560,,,
USA,1/19/2021,24386731,165416,409276,73252.108,496.871,1229.371,8.131,2707,,,
USA,1/20/2021,24572027,185296,413689,73808.695,556.586,1242.626,13.256,4413,,,
USA,1/21/2021,24764028,192001,417875,74385.421,576.727,1255.2,12.574,4186,,,
USA,1/22/2021,24953381,189353,421698,74954.194,568.773,1266.683,11.483,3823,,,
USA,1/23/2021,25127612,174231,425073,75477.544,523.35,1276.821,10.138,3375,,,
USA,1/24/2021,25265206,137594,426938,75890.844,413.301,1282.423,5.602,1865,,,
USA,1/25/2021,25408108,142902,428912,76320.089,429.245,1288.353,5.929,1974,,,
USA,1/26/2021,25552460,144352,432935,76753.689,433.6,1300.437,12.084,4023,,,
USA,1/27/2021,25707757,155297,436881,77220.165,466.476,1312.29,11.853,3946,,,
USA,1/28/2021,25874333,166576,440894,77720.521,500.356,1324.344,12.054,4013,,,
USA,1/29/2021,26041097,166764,444538,78221.442,500.921,1335.289,10.946,3644,,,
USA,1/30/2021,26185812,144715,447335,78656.132,434.69,1343.691,8.402,2797,,,
USA,1/31/2021,26300968,115156,449198,79002.034,345.902,1349.287,5.596,1863,,,
USA,2/1/2021,26430576,129608,451279,79391.347,389.313,1355.538,6.251,2081,,,
USA,2/2/2021,26544805,114229,454699,79734.464,343.118,1365.811,10.273,3420,,,
USA,2/3/2021,26667875,123070,458581,80104.138,369.674,1377.471,11.661,3882,,,
USA,2/4/2021,26791814,123939,462328,80476.422,372.284,1388.727,11.255,3747,,,
USA,2/5/2021,26923109,131295,465993,80870.802,394.38,1399.735,11.009,3665,,,
USA,2/6/2021,27033851,110742,468679,81203.445,332.643,1407.803,8.068,2686,,,
USA,2/7/2021,27125342,91491,470120,81478.263,274.818,1412.132,4.328,1441,,,
USA,2/8/2021,27211264,85922,471735,81736.353,258.09,1416.983,4.851,1615,,,
USA,2/9/2021,27305453,94189,474784,82019.275,282.922,1426.141,9.158,3049,,,
USA,2/10/2021,27401321,95868,478089,82307.24,287.965,1436.069,9.927,3305,,,
USA,2/11/2021,27507454,106133,481303,82626.039,318.799,1445.723,9.654,3214,,,
USA,2/12/2021,27607264,99810,484233,82925.846,299.806,1454.524,8.801,2930,,,
USA,2/13/2021,27695855,88591,486431,83191.952,266.107,1461.126,6.602,2198,,,
USA,2/14/2021,27762171,66316,487603,83391.15,199.198,1464.647,3.52,1172,,,
USA,2/15/2021,27816631,54460,488566,83554.736,163.585,1467.539,2.893,963,,,
USA,2/16/2021,27875792,59161,490312,83732.442,177.706,1472.784,5.245,1746,,,
USA,2/17/2021,27945834,70042,492708,83942.832,210.39,1479.981,7.197,2396,,,
USA,2/18/2021,28017130,71296,495222,84156.988,214.157,1487.533,7.551,2514,,,
USA,2/19/2021,28095265,78135,497847,84391.688,234.699,1495.417,7.885,2625,,,
USA,2/20/2021,28168390,73125,499685,84611.338,219.651,1500.938,5.521,1838,,,
USA,2/21/2021,28226147,57757,500924,84784.827,173.489,1504.66,3.722,1239,,,
USA,2/22/2021,28281294,55147,502238,84950.476,165.649,1508.607,3.947,1314,,,
USA,2/23/2021,28353211,71917,504513,85166.498,216.022,1515.441,6.834,2275,,,
USA,2/24/2021,28428219,75008,507696,85391.805,225.307,1525.002,9.561,3183,,,
USA,2/25/2021,28506209,77990,510129,85626.069,234.264,1532.31,7.308,2433,,,
USA,2/26/2021,28583890,77681,512208,85859.404,233.336,1538.555,6.245,2079,,,
USA,2/27/2021,28649627,65737,513730,86056.863,197.459,1543.126,4.572,1522,,,
USA,2/28/2021,28701621,51994,514823,86213.041,156.178,1546.409,3.283,1093,,,
USA,3/1/2021,28757042,55421,516338,86379.513,166.472,1550.96,4.551,1515,,,
USA,3/2/2021,28814006,56964,518279,86550.62,171.107,1556.79,5.83,1941,,,
USA,3/3/2021,28881157,67151,520760,86752.326,201.706,1564.243,7.452,2481,,,
USA,3/4/2021,28949409,68252,522682,86957.339,205.013,1570.016,5.773,1922,,,
USA,3/5/2021,29016334,66925,524485,87158.366,201.027,1575.432,5.416,1803,,,
USA,3/6/2021,29075178,58844,525995,87335.12,176.754,1579.968,4.536,1510,,,
USA,3/7/2021,29117203,42025,526698,87461.354,126.233,1582.079,2.112,703,,,
USA,3/8/2021,29161857,44654,527434,87595.484,134.13,1584.29,2.211,736,,,
USA,3/9/2021,29217819,55962,529239,87763.581,168.097,1589.712,5.422,1805,,,
USA,3/10/2021,29275991,58172,530809,87938.316,174.735,1594.428,4.716,1570,,,
USA,3/11/2021,29338766,62775,532367,88126.878,188.562,1599.108,4.68,1558,,,
USA,3/12/2021,29400372,61606,533912,88311.928,185.05,1603.748,4.641,1545,,,
USA,3/13/2021,29453931,53559,534944,88472.807,160.879,1606.848,3.1,1032,,,
USA,3/14/2021,29492629,38698,535529,88589.047,116.24,1608.605,1.757,585,,,
USA,3/15/2021,29547870,55241,536277,88754.978,165.931,1610.852,2.247,748,,,
USA,3/16/2021,29602187,54317,537457,88918.134,163.156,1614.397,3.544,1180,,,
USA,3/17/2021,29661581,59394,538684,89096.539,178.406,1618.082,3.686,1227,,,
USA,3/18/2021,29721933,60352,540330,89277.823,181.283,1623.027,4.944,1646,,,
USA,3/19/2021,29783930,61997,541457,89464.048,186.225,1626.412,3.385,1127,,,
USA,3/20/2021,29840560,56630,542197,89634.151,170.103,1628.635,2.223,740,,,
USA,3/21/2021,29875168,34608,542685,89738.105,103.954,1630.1,1.466,488,,,
USA,3/22/2021,29925277,50109,543406,89888.621,150.516,1632.266,2.166,721,,,
USA,3/23/2021,29978671,53394,544281,90049.005,160.383,1634.894,2.628,875,,,
USA,3/24/2021,30065443,86772,545791,90309.648,260.643,1639.43,4.536,1510,,,
USA,3/25/2021,30133300,67857,547191,90513.474,203.827,1643.635,4.205,1400,,,
USA,3/26/2021,30210764,77464,548342,90746.158,232.684,1647.093,3.457,1151,,,
USA,3/27/2021,30274592,63828,549138,90937.883,191.725,1649.484,2.391,796,,,
USA,3/28/2021,30318223,43631,549663,91068.94,131.057,1651.061,1.577,525,,,
USA,3/29/2021,30386552,68329,550367,91274.185,205.245,1653.175,2.115,704,,,
USA,3/30/2021,30447766,61214,551250,91458.058,183.873,1655.828,2.652,883,,,
USA,3/31/2021,30514599,66833,552328,91658.808,200.751,1659.066,3.238,1078,,,
USA,4/1/2021,30593758,79159,553405,91896.584,237.775,1662.301,3.235,1077,,,
USA,4/2/2021,30664664,70906,554360,92109.569,212.985,1665.169,2.869,955,,,
USA,4/3/2021,30728418,63754,555111,92301.071,191.502,1667.425,2.256,751,,,
USA,4/4/2021,30764589,36171,555408,92409.721,108.649,1668.317,0.892,297,,,
USA,4/5/2021,30839424,74835,555913,92634.508,224.787,1669.834,1.517,505,,,
USA,4/6/2021,30900319,60895,556773,92817.422,182.915,1672.418,2.583,860,,,
USA,4/7/2021,30975322,75003,559367,93042.714,225.292,1680.209,7.792,2594,,,
USA,4/8/2021,31055433,80111,560395,93283.349,240.635,1683.297,3.088,1028,,,
USA,4/9/2021,31139621,84188,561286,93536.23,252.881,1685.974,2.676,891,,,
USA,4/10/2021,31208269,68648,561998,93742.433,206.203,1688.112,2.139,712,,,
USA,4/11/2021,31254338,46069,562303,93880.814,138.381,1689.028,0.916,305,,,
USA,4/12/2021,31322579,68241,562777,94085.794,204.98,1690.452,1.424,474,,,
USA,4/13/2021,31400634,78055,563608,94320.253,234.459,1692.948,2.496,831,,,
USA,4/14/2021,31476253,75619,564564,94547.395,227.142,1695.82,2.872,956,,,
USA,4/15/2021,31550222,73969,565470,94769.581,222.186,1698.541,2.721,906,,,
USA,4/16/2021,31630453,80231,566349,95010.576,240.995,1701.182,2.64,879,,,
USA,4/17/2021,31683798,53345,567050,95170.812,160.236,1703.287,2.106,701,,,
USA,4/18/2021,31726371,42573,567389,95298.692,127.879,1704.306,1.018,339,,,
USA,4/19/2021,31793519,67148,567887,95500.389,201.697,1705.801,1.496,498,,,
USA,4/20/2021,31854271,60752,568730,95682.874,182.485,1708.334,2.532,843,,,
USA,4/21/2021,31918063,63792,569590,95874.49,191.616,1710.917,2.583,860,,,
USA,4/22/2021,31984543,66480,570558,96074.181,199.691,1713.824,2.908,968,,,
USA,4/23/2021,32047626,63083,571336,96263.668,189.487,1716.161,2.337,778,,,
USA,4/24/2021,32101263,53637,572087,96424.781,161.113,1718.417,2.256,751,,,
USA,4/25/2021,32134243,32980,572380,96523.845,99.064,1719.297,0.88,293,,,
USA,4/26/2021,32180714,46471,572870,96663.433,139.588,1720.769,1.472,490,,,
USA,4/27/2021,32231164,50450,573524,96814.973,151.54,1722.734,1.964,654,,,
USA,4/28/2021,32286420,55256,574492,96980.95,165.976,1725.641,2.908,968,,,
USA,4/29/2021,32344919,58499,575369,97156.667,175.717,1728.276,2.634,877,,,
USA,4/30/2021,32403009,58090,576119,97331.156,174.489,1730.528,2.253,750,,,
USA,5/1/2021,32449242,46233,576835,97470.029,138.873,1732.679,2.151,716,,,
USA,5/2/2021,32478988,29746,577175,97559.379,89.35,1733.7,1.021,340,,,
USA,5/3/2021,32528524,49536,577675,97708.174,148.795,1735.202,1.502,500,,,
USA,5/4/2021,32568609,40085,578551,97828.58,120.406,1737.834,2.631,876,,,
USA,5/5/2021,32613835,45226,579346,97964.429,135.848,1740.222,2.388,795,,,
USA,5/6/2021,32661613,47778,580144,98107.943,143.514,1742.619,2.397,798,,,
USA,5/7/2021,32709226,47613,580903,98250.961,143.018,1744.898,2.28,759,,,
USA,5/8/2021,32743468,34242,581534,98353.816,102.855,1746.794,1.895,631,,,
USA,5/9/2021,32765338,21870,581783,98419.509,65.692,1747.542,0.748,249,,,
USA,5/10/2021,32801148,35810,582195,98527.074,107.565,1748.779,1.238,412,,,
USA,5/11/2021,32834742,33594,582883,98627.982,100.909,1750.846,2.067,688,,,
USA,5/12/2021,32870655,35913,583652,98735.857,107.874,1753.156,2.31,769,,,
USA,5/13/2021,32909594,38939,584419,98852.82,116.964,1755.46,2.304,767,,,
USA,5/14/2021,32951204,41610,585076,98977.807,124.987,1757.433,1.973,657,,,
USA,5/15/2021,32980549,29345,585576,99065.953,88.146,1758.935,1.502,500,,,
USA,5/16/2021,32997775,17226,585853,99117.696,51.743,1759.767,0.832,277,,,
USA,5/17/2021,33026147,28372,586249,99202.919,85.223,1760.957,1.189,396,,,
USA,5/18/2021,33053568,27421,587020,99285.285,82.366,1763.273,2.316,771,,,
USA,5/19/2021,33082846,29278,587697,99373.229,87.944,1765.306,2.034,677,,,
USA,5/20/2021,33113019,30173,588375,99463.862,90.633,1767.343,2.037,678,,,
USA,5/21/2021,33141186,28167,588991,99548.469,84.607,1769.193,1.85,616,,,
USA,5/22/2021,33161623,20437,589489,99609.857,61.388,1770.689,1.496,498,,,
USA,5/23/2021,33174939,13316,589687,99649.855,39.998,1771.284,0.595,198,,,
USA,5/24/2021,33199936,24997,590133,99724.941,75.085,1772.623,1.34,446,,,
USA,5/25/2021,33222570,22634,590768,99792.928,67.987,1774.531,1.907,635,,,
USA,5/26/2021,33246937,24367,591747,99866.121,73.193,1777.471,2.941,979,,,
USA,5/27/2021,33274280,27343,593109,99948.253,82.132,1781.562,4.091,1362,,,
USA,5/28/2021,33296016,21736,593672,100013.543,65.29,1783.254,1.691,563,,,
USA,5/29/2021,33308485,12469,594005,100050.997,37.454,1784.254,1,333,,,
USA,5/30/2021,33315411,6926,594140,100071.801,20.804,1784.659,0.406,135,,,
USA,5/31/2021,33321318,5907,594293,100089.544,17.743,1785.119,0.46,153,,,
USA,6/1/2021,33343437,22119,594944,100155.985,66.44,1787.074,1.955,651,,,
USA,6/2/2021,33360362,16925,595503,100206.823,50.839,1788.753,1.679,559,,,
USA,6/3/2021,33379553,19191,596122,100264.469,57.645,1790.613,1.859,619,,,
USA,6/4/2021,33396464,16911,596649,100315.265,50.797,1792.196,1.583,527,,,
USA,6/5/2021,33410799,14335,597034,100358.324,43.059,1793.352,1.156,385,,,
USA,6/6/2021,33416473,5674,597206,100375.368,17.043,1793.869,0.517,172,,,
USA,6/7/2021,33431582,15109,597524,100420.752,45.384,1794.824,0.955,318,,,
USA,6/8/2021,33444414,12832,597866,100459.296,38.544,1795.851,1.027,342,,,
USA,6/9/2021,33463318,18904,598317,100516.079,56.783,1797.206,1.355,451,,,
USA,6/10/2021,33477742,14424,598750,100559.406,43.326,1798.507,1.301,433,,,
USA,6/11/2021,33502472,24730,599401,100633.689,74.283,1800.462,1.955,651,,,
USA,6/12/2021,33511160,8688,599695,100659.786,26.097,1801.345,0.883,294,,,
USA,6/13/2021,33516317,5157,599809,100675.276,15.49,1801.688,0.342,114,,,
USA,6/14/2021,33528681,12364,599990,100712.415,37.139,1802.231,0.544,181,,,
USA,6/15/2021,33539511,10830,600311,100744.946,32.531,1803.196,0.964,321,,,
USA,6/16/2021,33552066,12555,600688,100782.658,37.712,1804.328,1.132,377,,,
USA,6/17/2021,33562687,10621,600974,100814.561,31.903,1805.187,0.859,286,,,
USA,6/18/2021,33583888,21201,601574,100878.244,63.683,1806.989,1.802,600,,,
USA,6/19/2021,33592377,8489,601747,100903.743,25.499,1807.509,0.52,173,,,
USA,6/20/2021,33596833,4456,601836,100917.128,13.385,1807.776,0.267,89,,,
USA,6/21/2021,33608506,11673,602114,100952.191,35.063,1808.611,0.835,278,,,
USA,6/22/2021,33619231,10725,602442,100984.406,32.215,1809.597,0.985,328,,,
USA,6/23/2021,33632232,13001,602823,101023.458,39.052,1810.741,1.144,381,,,
USA,6/24/2021,33646009,13777,603168,101064.841,41.383,1811.777,1.036,345,,,
USA,6/25/2021,33670274,24265,603667,101137.727,72.886,1813.276,1.499,499,,,
USA,6/26/2021,33678918,8644,603818,101163.692,25.965,1813.73,0.454,151,,,
USA,6/27/2021,33683169,4251,603896,101176.461,12.769,1813.964,0.234,78,,,
USA,6/28/2021,33697745,14576,604051,101220.244,43.783,1814.43,0.466,155,,,
USA,6/29/2021,33704435,6690,604369,101240.339,20.095,1815.385,0.955,318,,,
USA,6/30/2021,33720689,16254,604620,101289.162,48.823,1816.139,0.754,251,,,
USA,7/1/2021,33735128,14439,604930,101332.534,43.371,1817.07,0.931,310,,,
USA,7/2/2021,33764550,29422,605406,101420.911,88.377,1818.5,1.43,476,,,
USA,7/3/2021,33769176,4626,605488,101434.806,13.895,1818.746,0.246,82,,,
USA,7/4/2021,33772933,3757,605525,101446.091,11.285,1818.857,0.111,37,,,
USA,7/5/2021,33781561,8628,605576,101472.008,25.917,1819.01,0.153,51,,,
USA,7/6/2021,33804602,23041,605917,101541.218,69.21,1820.035,1.024,341,,,
USA,7/7/2021,33827555,22953,606212,101610.163,68.946,1820.921,0.886,295,,,
USA,7/8/2021,33846677,19122,606472,101667.601,57.438,1821.702,0.781,260,,,
USA,7/9/2021,33894307,47630,606979,101810.671,143.07,1823.225,1.523,507,,,
USA,7/10/2021,33902606,8299,607119,101835.599,24.928,1823.645,0.421,140,,,
USA,7/11/2021,33913402,10796,607150,101868.028,32.429,1823.738,0.093,31,,,
USA,7/12/2021,33947050,33648,607396,101969.099,101.071,1824.477,0.739,246,,,
USA,7/13/2021,33973284,26234,607754,102047.899,78.801,1825.553,1.075,358,,,
USA,7/14/2021,34006026,32742,608089,102146.249,98.349,1826.559,1.006,335,,,
USA,7/15/2021,34036009,29983,608375,102236.311,90.062,1827.418,0.859,286,,,
USA,7/16/2021,34113900,77891,608771,102470.277,233.967,1828.607,1.189,396,,,
USA,7/17/2021,34125618,11718,608845,102505.476,35.198,1828.83,0.222,74,,,
USA,7/18/2021,34144863,19245,608986,102563.283,57.808,1829.253,0.424,141,,,
USA,7/19/2021,34195943,51080,609204,102716.716,153.433,1829.908,0.655,218,,,
USA,7/20/2021,34237704,41761,609499,102842.156,125.44,1830.794,0.886,295,,,
USA,7/21/2021,34288095,50391,609839,102993.519,151.363,1831.816,1.021,340,,,
USA,7/22/2021,34342829,54734,610171,103157.927,164.408,1832.813,0.997,332,,,
USA,7/23/2021,34463216,120387,610702,103519.542,361.615,1834.408,1.595,531,,,
USA,7/24/2021,34488230,25014,610823,103594.678,75.136,1834.771,0.363,121,,,
USA,7/25/2021,34512344,24114,610870,103667.111,72.433,1834.912,0.141,47,,,
USA,7/26/2021,34599299,86955,611148,103928.304,261.193,1835.747,0.835,278,,,
USA,7/27/2021,34667713,68414,611592,104133.804,205.5,1837.081,1.334,444,,,
USA,7/28/2021,34736801,69088,611983,104341.328,207.524,1838.256,1.174,391,,,
USA,7/29/2021,34816325,79524,612310,104580.2,238.872,1839.238,0.982,327,,,
USA,7/30/2021,35005461,189136,613206,105148.321,568.121,1841.929,2.691,896,,,
USA,7/31/2021,35037755,32294,613361,105245.325,97.004,1842.395,0.466,155,,,
USA,8/1/2021,35079208,41453,613439,105369.84,124.515,1842.629,0.234,78,,,
USA,8/2/2021,35199930,120722,613900,105732.461,362.621,1844.014,1.385,461,,,
USA,8/3/2021,35302681,102751,614491,106041.101,308.64,1845.789,1.775,591,,,
USA,8/4/2021,35399526,96845,614989,106332.001,290.9,1847.285,1.496,498,,,
USA,8/5/2021,35510190,110664,615533,106664.41,332.409,1848.919,1.634,544,,,
USA,8/6/2021,35765271,255081,616690,107430.615,766.204,1852.394,3.475,1157,,,
USA,8/7/2021,35814019,48748,616922,107577.042,146.428,1853.091,0.697,232,,,
USA,8/8/2021,35840582,26563,617050,107656.831,79.789,1853.476,0.384,128,,,
USA,8/9/2021,36021800,181218,617560,108201.168,544.337,1855.008,1.532,510,,,
USA,8/10/2021,36142769,120969,618842,108564.531,363.363,1858.858,3.851,1282,,,
USA,8/11/2021,36298808,156039,619201,109033.237,468.705,1859.937,1.078,359,,,
USA,8/12/2021,36440784,141976,620193,109459.7,426.463,1862.917,2.98,992,,,
USA,8/13/2021,36670536,229752,621267,110149.822,690.122,1866.143,3.226,1074,,,
USA,8/14/2021,36719435,48899,621522,110296.703,146.881,1866.909,0.766,255,,,
USA,8/15/2021,36761162,41727,621705,110422.041,125.338,1867.458,0.55,183,,,
USA,8/16/2021,36981227,220065,622776,111083.066,661.024,1870.675,3.217,1071,,,
USA,8/17/2021,37133358,152131,623776,111540.032,456.966,1873.679,3.004,1000,,,
USA,8/18/2021,37291996,158638,624958,112016.544,476.512,1877.23,3.55,1182,,,
USA,8/19/2021,37449067,157071,626693,112488.349,471.805,1882.441,5.212,1735,,,
USA,8/20/2021,37694690,245623,628186,113226.144,737.795,1886.926,4.485,1493,,,
USA,8/21/2021,37760624,65934,628712,113424.194,198.051,1888.506,1.58,526,,,
USA,8/22/2021,37796595,35971,628908,113532.243,108.049,1889.094,0.589,196,,,
USA,8/23/2021,38034614,238019,630301,114247.197,714.954,1893.279,4.184,1393,,,
USA,8/24/2021,38191306,156692,631718,114717.863,470.667,1897.535,4.256,1417,,,
USA,8/25/2021,38361002,169696,633219,115227.591,509.728,1902.044,4.509,1501,,,
USA,8/26/2021,38545443,184441,635444,115781.609,554.018,1908.727,6.683,2225,,,
USA,8/27/2021,38788454,243011,637180,116511.558,729.949,1913.942,5.215,1736,,,
USA,8/28/2021,38849067,60613,637749,116693.626,182.067,1915.651,1.709,569,,,
USA,8/29/2021,38891187,42120,638064,116820.144,126.519,1916.597,0.946,315,,,
USA,8/30/2021,39151147,259960,639849,117601.004,780.86,1921.959,5.362,1785,,,
USA,8/31/2021,39321999,170852,641224,118114.204,513.2,1926.089,4.13,1375,,,
USA,9/1/2021,39523951,201952,643258,118720.821,606.617,1932.198,6.11,2034,,,
USA,9/2/2021,39699776,175825,646234,119248.959,528.138,1941.138,8.939,2976,,,
USA,9/3/2021,39934624,234848,648179,119954.388,705.429,1946.98,5.842,1945,,,
USA,9/4/2021,39999068,64444,648756,120147.963,193.575,1948.713,1.733,577,,,
USA,9/5/2021,40039356,40288,649162,120268.979,121.016,1949.933,1.22,406,,,
USA,9/6/2021,40114538,75182,649730,120494.808,225.829,1951.639,1.706,568,,,
USA,9/7/2021,40391566,277028,651871,121326.936,832.128,1958.07,6.431,2141,,,
USA,9/8/2021,40573789,182223,654072,121874.292,547.356,1964.681,6.611,2201,,,
USA,9/9/2021,40733593,159804,657344,122354.306,480.014,1974.51,9.828,3272,,,
USA,9/10/2021,40961390,227797,659713,123038.556,684.25,1981.626,7.116,2369,,,
USA,9/11/2021,41025645,64255,660470,123231.563,193.007,1983.899,2.274,757,,,
USA,9/12/2021,41061504,35859,660793,123339.275,107.712,1984.87,0.97,323,,,
USA,9/13/2021,41322259,260755,663001,124122.523,783.248,1991.502,6.632,2208,,,
USA,9/14/2021,41467287,145028,664801,124558.154,435.631,1996.909,5.407,1800,,,
USA,9/15/2021,41638554,171267,667531,125072.6,514.447,2005.109,8.2,2730,,,
USA,9/16/2021,41793484,154930,670989,125537.974,465.374,2015.496,10.387,3458,,,
USA,9/17/2021,42001556,208072,673386,126162.975,625,2022.696,7.2,2397,,,
USA,9/18/2021,42058315,56759,674246,126333.465,170.491,2025.279,2.583,860,,,
USA,9/19/2021,42094648,36333,674588,126442.601,109.136,2026.307,1.027,342,,,
USA,9/20/2021,42296425,201777,676920,127048.693,606.092,2033.311,7.005,2332,,,
USA,9/21/2021,42417661,121236,679157,127412.858,364.165,2040.031,6.719,2237,,,
USA,9/22/2021,42550081,132420,681956,127810.617,397.759,2048.438,8.408,2799,,,
USA,9/23/2021,42675919,125838,685141,128188.605,377.988,2058.005,9.567,3185,,,
USA,9/24/2021,42853371,177452,687675,128721.63,533.025,2065.617,7.612,2534,,,
USA,9/25/2021,42900903,47532,688356,128864.405,142.775,2067.662,2.046,681,,,
USA,9/26/2021,42931861,30958,688667,128957.396,92.991,2068.597,0.934,311,,,
USA,9/27/2021,43116877,185016,691077,129513.141,555.745,2075.836,7.239,2410,,,
USA,9/28/2021,43226482,109605,693126,129842.369,329.228,2081.99,6.155,2049,,,
USA,9/29/2021,43349749,123267,695666,130212.635,370.266,2089.62,7.63,2540,,,
USA,9/30/2021,43460343,110594,698395,130544.834,332.199,2097.817,8.197,2729,,,
USA,10/1/2021,43618627,158284,700501,131020.282,475.449,2104.143,6.326,2106,,,
USA,10/2/2021,43657833,39206,701149,131138.048,117.766,2106.09,1.946,648,,,
USA,10/3/2021,43683048,25215,701386,131213.788,75.74,2106.802,0.712,237,,,
USA,10/4/2021,43852255,169207,703495,131722.047,508.259,2113.137,6.335,2109,,,
USA,10/5/2021,43947324,95069,705225,132007.612,285.565,2118.333,5.197,1730,,,
